Titre,Entreprise,Localisation,Type de contrat,Niveau d'expérience,Date de publication
Développeur Python,TechInnov,Berlin (Allemagne),CDI,Junior,2026-01-15
Data Analyst,DataCorp,Barcelone (Espagne),CDD,Intermédiaire,2026-01-18
Ingénieur Cloud,Cloudify,Montréal (Canada),CDI,Senior,2026-01-20
Chef de projet IT,ProjectPlus,Bruxelles (Belgique),CDI,Senior,2026-01-22
Développeur Web,WebWorks,Amsterdam (Pays-Bas),Stage,Débutant,2026-01-25
Administrateur Systèmes,SysAdminPro,Genève (Suisse),CDI,Intermédiaire,2026-01-27
Consultant IA,AIConsult,San Francisco (USA),Freelance,Senior,2026-01-28
UX Designer,DesignLab,Sydney (Australie),CDD,Junior,2026-01-29
Support Technique,HelpMe,Tokyo (Japon),CDI,Débutant,2026-01-30
Architecte Logiciel,SoftArch,Singapour,CDI,Senior,2026-01-31
